{
	"partitions" : [
		{
			"name" : "Top",
			"pins" : [
				{
					"name" : "wait_led",
					"strict" : false
				},
				{
					"name" : "cout",
					"strict" : false
				},
				{
					"name" : "led_idle",
					"strict" : false
				},
				{
					"name" : "led_ready",
					"strict" : false
				},
				{
					"name" : "led_done",
					"strict" : false
				},
				{
					"name" : "result[0]",
					"strict" : false
				},
				{
					"name" : "result[1]",
					"strict" : false
				},
				{
					"name" : "result[2]",
					"strict" : false
				},
				{
					"name" : "result[3]",
					"strict" : false
				},
				{
					"name" : "result[4]",
					"strict" : false
				},
				{
					"name" : "clk",
					"strict" : false
				},
				{
					"name" : "go",
					"strict" : false
				},
				{
					"name" : "reset",
					"strict" : false
				},
				{
					"name" : "data[0]",
					"strict" : false
				},
				{
					"name" : "data[1]",
					"strict" : false
				},
				{
					"name" : "data[2]",
					"strict" : false
				},
				{
					"name" : "data[3]",
					"strict" : false
				},
				{
					"name" : "opcode[0]",
					"strict" : false
				},
				{
					"name" : "opcode[1]",
					"strict" : false
				},
				{
					"name" : "opcode[2]",
					"strict" : false
				}
			]
		}
	]
}