{
	"partitions" : [
		{
			"name" : "Top",
			"pins" : [
				{
					"name" : "display[0]",
					"strict" : false
				},
				{
					"name" : "display[1]",
					"strict" : false
				},
				{
					"name" : "display[2]",
					"strict" : false
				},
				{
					"name" : "display[3]",
					"strict" : false
				},
				{
					"name" : "display[4]",
					"strict" : false
				},
				{
					"name" : "display[5]",
					"strict" : false
				},
				{
					"name" : "display[6]",
					"strict" : false
				},
				{
					"name" : "dis_sel[0]",
					"strict" : false
				},
				{
					"name" : "dis_sel[1]",
					"strict" : false
				},
				{
					"name" : "dis_sel[2]",
					"strict" : false
				},
				{
					"name" : "dis_sel[3]",
					"strict" : false
				},
				{
					"name" : "SW[0]",
					"strict" : false
				},
				{
					"name" : "SW[1]",
					"strict" : false
				},
				{
					"name" : "CLOCK_50_MHz",
					"strict" : false
				},
				{
					"name" : "SW[2]",
					"strict" : false
				}
			]
		}
	]
}